epoch,time,train/box_loss,train/cls_loss,train/dfl_loss,metrics/precision(B),metrics/recall(B),metrics/mAP50(B),metrics/mAP50-95(B),val/box_loss,val/cls_loss,val/dfl_loss,lr/pg0,lr/pg1,lr/pg2
1,439.91,3.07108,3.34479,4.18084,0.00355,0.9635,0.03847,0.00947,2.67489,3.61859,4.13885,0.00046,0.00046,0.00046
2,890.727,3.04837,3.22619,4.04273,0.00352,0.9562,0.18007,0.04137,2.77556,3.64654,3.99517,0.000928368,0.000928368,0.000928368
3,1373.1,2.97108,3.17694,3.76579,0.00371,0.9562,0.24339,0.08095,2.32327,3.29978,3.91717,0.00138485,0.00138485,0.00138485
4,1881.46,2.78964,3.05973,3.45935,0.00431,0.94891,0.05212,0.01916,2.51909,3.49937,5.72782,0.00182946,0.00182946,0.00182946
